{
  "dense": {
    "val_best": 0.005649809125562509
  },
  "lstm": {
    "val_best": 3.1310598152939984e-05
  },
  "epochs_planned": 100,
  "finished_at": "2025-08-23 21:30:09"
}