{
  "dense": {
    "val_best": 0.005647747726986806
  },
  "lstm": {
    "val_best": 0.00014344967646022567
  },
  "epochs_planned": 80,
  "finished_at": "2025-08-23 20:33:07"
}