{
  "dense": {
    "val_best": 0.005764285099009673
  },
  "lstm": {
    "val_best": 0.00012318161947121227
  },
  "epochs_planned": 90,
  "finished_at": "2025-08-23 23:11:29"
}