{
  "dense": {
    "val_best": 0.0060049472818772
  },
  "lstm": {
    "val_best": 0.0001554729899089435
  },
  "epochs_planned": 60,
  "finished_at": "2025-08-23 22:50:27"
}