{
  "dense": {
    "val_best": 0.005881658911456664
  },
  "lstm": {
    "val_best": 0.00011503296006241285
  },
  "epochs_planned": 70,
  "finished_at": "2025-08-23 21:53:55"
}